season,date,league_id,league,team1,team2,spi1,spi2,prob1,prob2,probtie,proj_score1,proj_score2,importance1,importance2,score1,score2,xg1,xg2,nsxg1,nsxg2,adj_score1,adj_score2,team1_code,team2_code
2021,2021-08-13,2411,Barclays Premier League,Brentford,Arsenal,62.47,80.58,0.224,0.5209,0.2552,0.96,1.61,39.2,44.5,2.0,0.0,1.41,1.21,1.01,2.27,2.03,0.0,94,3
2021,2021-08-14,2411,Barclays Premier League,Manchester United,Leeds United,85.22,71.9,0.6282,0.1622,0.2096,2.06,0.94,58.5,28.8,5.0,1.0,1.42,0.66,0.91,0.76,5.25,1.05,1,2
2021,2021-08-14,2411,Barclays Premier League,Chelsea,Crystal Palace,88.33,62.22,0.7531,0.0769,0.17,2.23,0.55,57.3,37.4,3.0,0.0,1.08,0.36,1.49,0.48,3.15,0.0,8,31
2021,2021-08-14,2411,Barclays Premier League,Watford,Aston Villa,60.59,72.1,0.3067,0.4283,0.265,1.19,1.45,41.1,21.7,3.0,2.0,1.17,1.21,0.68,1.26,3.15,2.1,57,7
2021,2021-08-14,2411,Barclays Premier League,Everton,Southampton,72.75,66.29,0.4789,0.2624,0.2587,1.56,1.08,22.4,30.2,3.0,1.0,2.38,0.62,1.35,1.07,2.87,1.05,11,20
2021,2021-08-14,2411,Barclays Premier League,Leicester City,Wolverhampton,77.57,70.14,0.5333,0.2155,0.2512,1.65,0.95,39.1,21.5,1.0,0.0,0.65,1.31,0.85,1.75,1.05,0.0,13,39
2021,2021-08-14,2411,Barclays Premier League,Burnley,Brighton and Hove Albion,64.53,73.89,0.3356,0.3888,0.2757,1.19,1.31,34.4,23.0,1.0,2.0,1.95,1.77,0.75,1.5,1.05,2.1,90,36
2021,2021-08-14,2411,Barclays Premier League,Norwich City,Liverpool,61.18,88.26,0.1293,0.679,0.1917,0.84,2.2,39.7,48.2,0.0,3.0,1.15,2.06,0.82,2.33,0.0,3.07,45,14
2021,2021-08-15,2411,Barclays Premier League,Newcastle,West Ham United,66.47,73.22,0.3533,0.3941,0.2526,1.41,1.5,31.0,25.2,2.0,4.0,1.71,3.53,1.36,1.84,2.1,4.2,4,21
2021,2021-08-15,2411,Barclays Premier League,Tottenham Hotspur,Manchester City,78.71,91.76,0.2239,0.5563,0.2199,1.21,2.01,53.1,69.5,1.0,0.0,1.22,2.16,0.95,2.03,1.05,0.0,6,43
2021,2021-08-21,2411,Barclays Premier League,Liverpool,Burnley,88.58,63.96,0.7621,0.0827,0.1552,2.48,0.69,58.4,33.8,2.0,0.0,3.1,0.79,2.8,1.01,2.1,0.0,14,90
2021,2021-08-21,2411,Barclays Premier League,Leeds United,Everton,71.33,73.47,0.4038,0.3354,0.2608,1.45,1.3,21.8,23.7,2.0,2.0,1.15,1.94,0.84,1.5,2.1,2.1,2,11
2021,2021-08-21,2411,Barclays Premier League,Manchester City,Norwich City,91.64,60.67,0.8281,0.0455,0.1263,2.59,0.46,60.0,38.0,5.0,0.0,2.37,0.03,2.12,0.08,4.89,0.0,43,45
2021,2021-08-21,2411,Barclays Premier League,Aston Villa,Newcastle,71.45,64.82,0.4917,0.268,0.2403,1.75,1.24,22.7,30.3,2.0,0.0,1.31,0.77,1.21,1.07,2.1,0.0,7,4
2021,2021-08-21,2411,Barclays Premier League,Crystal Palace,Brentford,62.18,63.53,0.4091,0.3131,0.2778,1.33,1.12,40.8,34.8,0.0,0.0,0.6,0.85,0.87,0.9,0.0,0.0,31,94
2021,2021-08-21,2411,Barclays Premier League,Brighton and Hove Albion,Watford,74.19,61.0,0.5466,0.1963,0.2571,1.59,0.84,23.6,34.6,2.0,0.0,1.68,0.48,1.32,1.06,2.1,0.0,36,57
2021,2021-08-22,2411,Barclays Premier League,Southampton,Manchester United,65.32,85.58,0.1837,0.6,0.2164,1.02,2.01,33.1,57.5,1.0,1.0,0.69,2.21,0.8,2.19,1.05,1.05,20,1
2021,2021-08-22,2411,Barclays Premier League,Wolverhampton,Tottenham Hotspur,71.14,79.06,0.2905,0.452,0.2575,1.19,1.55,21.8,49.7,0.0,1.0,1.68,1.78,1.98,0.83,0.0,1.05,39,6
2021,2021-08-22,2411,Barclays Premier League,Arsenal,Chelsea,79.65,88.51,0.2839,0.4484,0.2677,1.1,1.45,45.6,57.7,0.0,2.0,0.63,3.3,1.0,2.65,0.0,2.1,3,8
2021,2021-08-23,2411,Barclays Premier League,West Ham United,Leicester City,74.06,76.88,0.3961,0.3534,0.2506,1.53,1.43,33.7,37.2,4.0,1.0,2.48,0.83,2.18,0.45,3.09,1.05,21,13
2021,2021-08-28,2411,Barclays Premier League,Manchester City,Arsenal,92.21,77.96,0.6898,0.1171,0.1931,2.13,0.74,74.0,36.5,5.0,0.0,4.02,0.17,3.47,0.17,4.33,0.0,43,3
2021,2021-08-28,2411,Barclays Premier League,Norwich City,Leicester City,59.58,75.25,0.2627,0.4773,0.26,1.08,1.55,39.5,25.7,1.0,2.0,1.61,1.39,1.08,0.61,1.05,2.1,45,13
2021,2021-08-28,2411,Barclays Premier League,Brighton and Hove Albion,Everton,74.76,74.02,0.425,0.3001,0.275,1.37,1.1,31.3,25.4,0.0,2.0,0.79,1.41,1.72,0.9,0.0,2.1,36,11
2021,2021-08-28,2411,Barclays Premier League,Newcastle,Southampton,64.5,65.31,0.4219,0.3233,0.2548,1.53,1.31,38.6,35.4,2.0,2.0,1.21,3.62,0.89,1.71,2.1,2.1,4,20
2021,2021-08-28,2411,Barclays Premier League,West Ham United,Crystal Palace,75.62,62.18,0.5911,0.182,0.227,1.88,0.94,34.5,36.1,2.0,2.0,1.39,1.79,2.21,1.48,2.1,2.1,21,31
2021,2021-08-28,2411,Barclays Premier League,Aston Villa,Brentford,72.07,64.28,0.5099,0.2335,0.2566,1.59,0.99,20.3,28.6,1.0,1.0,0.47,1.01,1.11,1.37,1.05,1.05,7,94
2021,2021-08-28,2411,Barclays Premier League,Liverpool,Chelsea,88.74,89.61,0.4137,0.3294,0.2569,1.5,1.31,63.4,66.1,1.0,1.0,2.75,0.65,1.96,0.81,0.84,1.05,14,8
2021,2021-08-29,2411,Barclays Premier League,Burnley,Leeds United,63.68,70.59,0.3565,0.3876,0.2559,1.39,1.46,36.9,22.5,1.0,1.0,1.7,1.34,0.72,1.54,1.05,1.05,90,2
2021,2021-08-29,2411,Barclays Premier League,Tottenham Hotspur,Watford,78.8,60.49,0.6534,0.1399,0.2068,2.04,0.82,47.9,39.5,1.0,0.0,1.1,0.66,2.07,1.06,1.05,0.0,6,57
2021,2021-08-29,2411,Barclays Premier League,Wolverhampton,Manchester United,71.53,85.67,0.2141,0.5393,0.2466,0.97,1.69,23.1,58.3,0.0,1.0,1.89,0.84,1.24,1.1,0.0,1.05,39,1
2021,2021-09-11,2411,Barclays Premier League,Crystal Palace,Tottenham Hotspur,63.03,78.74,0.2345,0.523,0.2425,1.08,1.74,37.0,52.7,3.0,0.0,3.3,0.08,1.61,0.24,1.82,0.0,31,6
2021,2021-09-11,2411,Barclays Premier League,Southampton,West Ham United,66.47,74.47,0.3282,0.4298,0.242,1.44,1.67,29.2,32.5,0.0,0.0,0.7,0.83,0.69,0.95,0.0,0.0,20,21
2021,2021-09-11,2411,Barclays Premier League,Arsenal,Norwich City,75.8,59.99,0.5833,0.176,0.2407,1.73,0.83,20.0,36.7,1.0,0.0,2.66,0.61,2.4,1.33,1.05,0.0,3,45
2021,2021-09-11,2411,Barclays Premier League,Leicester City,Manchester City,74.87,93.26,0.1543,0.644,0.2017,0.94,2.14,38.4,65.4,0.0,1.0,0.84,3.14,0.89,2.6,0.0,1.05,13,43
2021,2021-09-11,2411,Barclays Premier League,Watford,Wolverhampton,60.91,72.32,0.31,0.4005,0.2895,1.05,1.24,40.7,28.6,0.0,2.0,0.29,2.73,0.82,1.66,0.0,1.78,57,39
2021,2021-09-11,2411,Barclays Premier League,Brentford,Brighton and Hove Albion,65.34,73.85,0.3332,0.3778,0.2891,1.11,1.2,35.7,22.5,0.0,1.0,0.77,0.21,0.89,0.63,0.0,1.05,94,36
2021,2021-09-11,2411,Barclays Premier League,Manchester United,Newcastle,85.21,62.86,0.7076,0.1138,0.1786,2.31,0.81,56.1,39.4,4.0,1.0,2.73,0.56,2.46,0.45,3.42,1.05,1,4
2021,2021-09-11,2411,Barclays Premier League,Chelsea,Aston Villa,89.12,71.28,0.6941,0.1112,0.1947,2.09,0.69,59.5,20.1,3.0,0.0,1.25,1.25,0.77,1.91,2.63,0.0,8,7
2021,2021-09-12,2411,Barclays Premier League,Leeds United,Liverpool,70.79,89.26,0.1796,0.6139,0.2065,1.07,2.14,16.9,44.6,0.0,3.0,0.76,4.81,1.39,2.79,0.0,2.52,2,14
2021,2021-09-13,2411,Barclays Premier League,Everton,Burnley,75.0,63.65,0.5412,0.2121,0.2467,1.69,0.96,32.3,36.2,3.0,1.0,1.66,1.92,1.18,1.19,3.15,1.05,11,90
2021,2021-09-17,2411,Barclays Premier League,Newcastle,Leeds United,62.18,69.33,0.3663,0.3868,0.2469,1.5,1.54,42.0,25.7,1.0,1.0,1.38,1.6,1.58,1.75,1.05,1.05,4,2
2021,2021-09-18,2411,Barclays Premier League,Wolverhampton,Brentford,74.04,65.52,0.4942,0.2221,0.2837,1.37,0.82,22.6,32.3,0.0,2.0,1.21,2.04,1.22,0.75,0.0,2.1,39,94
2021,2021-09-18,2411,Barclays Premier League,Manchester City,Southampton,93.48,66.77,0.8315,0.0484,0.1201,2.74,0.53,72.2,26.8,0.0,0.0,1.32,0.44,1.99,0.84,0.0,0.0,43,20
2021,2021-09-18,2411,Barclays Premier League,Liverpool,Crystal Palace,90.03,66.05,0.7755,0.0744,0.1501,2.49,0.64,54.5,24.2,3.0,0.0,3.34,0.66,2.2,1.25,2.46,0.0,14,31
2021,2021-09-18,2411,Barclays Premier League,Norwich City,Watford,59.4,59.0,0.4123,0.3002,0.2875,1.27,1.04,41.2,46.5,1.0,3.0,0.82,2.69,1.78,0.88,1.05,2.89,45,57
2021,2021-09-18,2411,Barclays Premier League,Burnley,Arsenal,63.72,76.29,0.3015,0.44,0.2585,1.22,1.52,37.7,23.6,0.0,1.0,1.05,0.96,1.97,1.43,0.0,1.05,90,3
2021,2021-09-18,2411,Barclays Premier League,Aston Villa,Everton,72.2,74.64,0.3826,0.3554,0.262,1.4,1.34,18.2,34.5,3.0,0.0,0.85,0.98,1.51,0.79,3.04,0.0,7,11
2021,2021-09-19,2411,Barclays Premier League,Brighton and Hove Albion,Leicester City,74.21,73.83,0.4068,0.3185,0.2747,1.34,1.16,26.0,27.9,2.0,1.0,1.47,1.47,1.33,2.16,2.1,1.05,36,13
2021,2021-09-19,2411,Barclays Premier League,West Ham United,Manchester United,75.65,84.65,0.2955,0.4589,0.2456,1.3,1.67,41.9,63.1,1.0,2.0,1.76,2.47,1.1,1.69,1.05,2.1,21,1
2021,2021-09-19,2411,Barclays Premier League,Tottenham Hotspur,Chelsea,76.12,88.38,0.2649,0.4857,0.2494,1.16,1.65,51.9,55.6,0.0,3.0,0.96,2.51,0.79,2.42,0.0,2.63,6,8
2021,2021-09-25,2411,Barclays Premier League,Manchester United,Aston Villa,84.87,73.43,0.6091,0.1712,0.2197,1.95,0.92,58.9,23.8,0.0,1.0,1.98,1.57,1.67,1.17,0.0,1.05,1,7
2021,2021-09-25,2411,Barclays Premier League,Chelsea,Manchester City,89.27,93.14,0.3239,0.4144,0.2617,1.26,1.46,79.7,91.6,0.0,1.0,0.21,1.95,0.61,1.44,0.0,1.05,8,43
2021,2021-09-25,2411,Barclays Premier League,Leeds United,West Ham United,69.48,75.26,0.3547,0.3987,0.2466,1.47,1.57,26.4,31.4,1.0,2.0,1.26,2.05,1.44,1.11,1.05,2.1,2,21
2021,2021-09-25,2411,Barclays Premier League,Everton,Norwich City,73.56,57.6,0.5809,0.1796,0.2395,1.74,0.85,24.2,38.7,2.0,0.0,2.02,0.81,1.17,1.02,1.92,0.0,11,45
2021,2021-09-25,2411,Barclays Premier League,Watford,Newcastle,60.15,62.12,0.3874,0.3487,0.2639,1.39,1.31,45.1,41.7,1.0,1.0,1.06,2.16,0.71,0.89,1.05,1.05,57,4
2021,2021-09-25,2411,Barclays Premier League,Leicester City,Burnley,73.81,63.95,0.5184,0.2374,0.2442,1.72,1.08,17.5,38.8,2.0,2.0,2.09,0.47,2.42,1.09,2.1,2.1,13,90
2021,2021-09-25,2411,Barclays Premier League,Brentford,Liverpool,67.17,90.1,0.1236,0.6847,0.1917,0.8,2.17,19.9,62.9,3.0,3.0,3.08,2.83,1.22,1.71,3.15,3.15,94,14
2021,2021-09-26,2411,Barclays Premier League,Southampton,Wolverhampton,67.97,72.32,0.382,0.3356,0.2823,1.25,1.15,31.3,24.0,0.0,1.0,0.94,1.01,1.13,0.81,0.0,1.05,20,39
2021,2021-09-26,2411,Barclays Premier League,Arsenal,Tottenham Hotspur,76.3,74.74,0.4261,0.3189,0.255,1.54,1.3,30.0,38.7,3.0,1.0,1.48,1.52,1.04,0.75,3.15,1.05,3,6
2021,2021-09-27,2411,Barclays Premier League,Crystal Palace,Brighton and Hove Albion,65.89,73.96,0.3333,0.3829,0.2838,1.14,1.24,30.9,30.2,1.0,1.0,1.42,0.99,1.24,1.15,1.05,1.05,31,36
2021,2021-10-02,2411,Barclays Premier League,Manchester United,Everton,83.68,73.89,0.5868,0.1845,0.2288,1.86,0.94,65.3,33.0,1.0,1.0,0.98,1.27,2.88,0.92,1.05,1.05,1,11
2021,2021-10-02,2411,Barclays Premier League,Burnley,Norwich City,63.51,57.38,0.4991,0.2416,0.2593,1.56,1.01,47.0,37.7,0.0,0.0,0.85,0.56,2.07,1.41,0.0,0.0,90,45
2021,2021-10-02,2411,Barclays Premier League,Wolverhampton,Newcastle,72.93,62.84,0.4887,0.2507,0.2607,1.55,1.03,22.5,43.8,2.0,1.0,1.01,0.98,0.59,0.35,2.1,1.05,39,4
2021,2021-10-02,2411,Barclays Premier League,Leeds United,Watford,69.09,59.65,0.5246,0.2262,0.2492,1.67,1.01,33.2,45.5,1.0,0.0,1.37,0.24,1.41,0.51,1.05,0.0,2,57
2021,2021-10-02,2411,Barclays Premier League,Chelsea,Southampton,88.9,67.69,0.7083,0.0946,0.1971,2.0,0.57,51.4,27.9,3.0,1.0,4.0,1.59,1.71,0.54,2.34,1.05,8,20
2021,2021-10-02,2411,Barclays Premier League,Brighton and Hove Albion,Arsenal,73.68,76.78,0.3662,0.3543,0.2795,1.24,1.21,26.8,33.5,0.0,0.0,1.24,0.4,1.94,0.93,0.0,0.0,36,3
2021,2021-10-03,2411,Barclays Premier League,Crystal Palace,Leicester City,66.23,73.66,0.3431,0.3917,0.2652,1.28,1.39,31.1,17.3,2.0,2.0,1.25,1.03,1.77,0.41,2.1,2.1,31,13
2021,2021-10-03,2411,Barclays Premier League,Tottenham Hotspur,Aston Villa,74.18,74.47,0.4272,0.3221,0.2507,1.58,1.34,32.8,33.5,2.0,1.0,1.84,1.11,1.4,1.82,2.1,1.05,6,7
2021,2021-10-03,2411,Barclays Premier League,West Ham United,Brentford,75.59,68.83,0.5269,0.226,0.2471,1.69,1.02,32.7,16.5,1.0,2.0,1.67,1.18,1.89,0.58,1.05,2.1,21,94
2021,2021-10-03,2411,Barclays Premier League,Liverpool,Manchester City,89.7,93.61,0.3452,0.422,0.2328,1.58,1.77,95.9,100.0,2.0,2.0,1.24,1.13,0.9,1.1,2.1,2.1,14,43
2021,2021-10-16,2411,Barclays Premier League,Watford,Liverpool,59.39,89.79,0.1001,0.7407,0.1592,0.83,2.54,45.4,51.8,0.0,5.0,0.28,3.61,0.64,1.86,0.0,4.73,57,14
2021,2021-10-16,2411,Barclays Premier League,Southampton,Leeds United,67.61,69.91,0.3993,0.3378,0.2628,1.42,1.29,33.8,24.6,1.0,0.0,1.88,0.37,1.3,0.66,1.05,0.0,20,2
2021,2021-10-16,2411,Barclays Premier League,Leicester City,Manchester United,72.94,83.39,0.2629,0.4963,0.2409,1.21,1.75,20.4,64.4,4.0,2.0,2.81,1.3,1.46,1.72,3.68,2.1,13,1
2021,2021-10-16,2411,Barclays Premier League,Manchester City,Burnley,93.5,63.54,0.8511,0.0378,0.1111,2.75,0.44,82.1,40.9,2.0,0.0,2.39,1.13,2.45,1.07,2.1,0.0,43,90
2021,2021-10-16,2411,Barclays Premier League,Aston Villa,Wolverhampton,74.23,73.02,0.4524,0.2734,0.2741,1.41,1.03,24.1,15.6,2.0,3.0,1.19,1.64,1.25,1.36,2.1,3.15,7,39
2021,2021-10-16,2411,Barclays Premier League,Norwich City,Brighton and Hove Albion,57.85,74.45,0.2681,0.4495,0.2825,0.97,1.35,41.9,24.6,0.0,0.0,1.12,1.22,1.18,2.19,0.0,0.0,45,36
2021,2021-10-16,2411,Barclays Premier League,Brentford,Chelsea,69.25,88.67,0.1773,0.5827,0.2399,0.84,1.74,23.3,44.7,0.0,1.0,1.98,0.3,2.47,0.77,0.0,1.05,94,8
2021,2021-10-17,2411,Barclays Premier League,Everton,West Ham United,74.26,75.14,0.4066,0.3354,0.258,1.48,1.32,35.5,32.9,0.0,1.0,0.92,1.81,1.73,1.42,0.0,1.05,11,21
2021,2021-10-17,2411,Barclays Premier League,Newcastle,Tottenham Hotspur,63.0,74.57,0.3035,0.4559,0.2406,1.37,1.72,40.1,35.2,2.0,3.0,0.61,1.94,0.87,1.44,2.1,3.15,4,6
2021,2021-10-18,2411,Barclays Premier League,Arsenal,Crystal Palace,76.38,66.89,0.5285,0.2154,0.2561,1.6,0.92,28.7,26.7,2.0,2.0,1.52,0.56,1.49,0.72,2.1,2.1,3,31
2021,2021-10-22,2411,Barclays Premier League,Arsenal,Aston Villa,76.18,72.99,0.4613,0.2819,0.2567,1.56,1.17,26.9,17.2,3.0,1.0,3.91,1.48,1.99,1.13,3.15,1.05,3,7
2021,2021-10-23,2411,Barclays Premier League,Chelsea,Norwich City,87.75,57.89,0.7703,0.0647,0.165,2.21,0.47,48.1,42.4,7.0,0.0,2.84,0.19,2.05,0.01,6.2,0.0,8,45
2021,2021-10-23,2411,Barclays Premier League,Leeds United,Wolverhampton,69.12,73.79,0.39,0.3331,0.2769,1.3,1.18,29.8,15.3,1.0,1.0,1.77,0.88,1.87,0.48,1.05,1.05,2,39
2021,2021-10-23,2411,Barclays Premier League,Everton,Watford,73.64,57.99,0.5675,0.1815,0.251,1.64,0.81,19.9,44.0,2.0,5.0,1.75,3.63,1.94,1.76,2.1,4.31,11,57
2021,2021-10-23,2411,Barclays Premier League,Crystal Palace,Newcastle,66.98,62.33,0.4461,0.295,0.2589,1.53,1.19,32.6,47.4,1.0,1.0,1.97,0.82,1.92,1.26,1.05,1.05,31,4
2021,2021-10-23,2411,Barclays Premier League,Southampton,Burnley,68.8,64.33,0.4535,0.2809,0.2656,1.48,1.1,31.2,41.1,2.0,2.0,1.55,0.73,1.02,1.08,2.1,2.1,20,90
2021,2021-10-23,2411,Barclays Premier League,Brighton and Hove Albion,Manchester City,74.63,93.93,0.1188,0.6837,0.1975,0.73,2.08,33.5,86.5,1.0,4.0,1.27,3.31,1.4,1.27,1.05,3.68,36,43
2021,2021-10-24,2411,Barclays Premier League,Brentford,Leicester City,71.09,74.6,0.359,0.3834,0.2577,1.38,1.44,17.4,27.1,1.0,2.0,1.28,1.08,2.11,0.81,1.05,2.1,94,13
2021,2021-10-24,2411,Barclays Premier League,West Ham United,Tottenham Hotspur,75.79,74.29,0.4407,0.3133,0.246,1.65,1.35,37.5,40.0,1.0,0.0,1.73,0.78,1.13,0.82,1.05,0.0,21,6
2021,2021-10-24,2411,Barclays Premier League,Manchester United,Liverpool,82.25,90.57,0.2892,0.492,0.2188,1.53,2.04,58.2,57.6,0.0,5.0,1.47,3.84,1.72,1.64,0.0,5.25,1,14
2021,2021-10-30,2411,Barclays Premier League,Leicester City,Arsenal,74.39,77.21,0.3964,0.3532,0.2504,1.53,1.43,32.7,38.4,0.0,2.0,2.03,0.98,1.46,0.66,0.0,2.1,13,3
2021,2021-10-30,2411,Barclays Premier League,Manchester City,Crystal Palace,93.74,67.28,0.8408,0.043,0.1161,2.73,0.48,82.3,26.0,0.0,2.0,0.74,1.07,2.13,0.75,0.0,1.52,43,31
2021,2021-10-30,2411,Barclays Premier League,Liverpool,Brighton and Hove Albion,91.41,74.67,0.7415,0.0955,0.163,2.45,0.76,75.0,28.6,2.0,2.0,1.66,1.41,1.41,1.04,2.1,2.1,14,36
2021,2021-10-30,2411,Barclays Premier League,Watford,Southampton,60.34,68.59,0.3453,0.3815,0.2732,1.23,1.31,44.7,32.2,0.0,1.0,0.99,1.72,0.72,1.49,0.0,1.05,57,20
2021,2021-10-30,2411,Barclays Premier League,Burnley,Brentford,64.42,71.29,0.3793,0.3486,0.2721,1.31,1.25,44.1,13.6,3.0,1.0,2.83,1.08,0.79,0.82,3.15,1.05,90,94
2021,2021-10-30,2411,Barclays Premier League,Newcastle,Chelsea,62.03,88.87,0.147,0.6504,0.2026,0.89,2.11,45.3,45.0,0.0,3.0,0.24,2.59,0.39,2.07,0.0,2.72,4,8
2021,2021-10-30,2411,Barclays Premier League,Tottenham Hotspur,Manchester United,73.99,80.86,0.3216,0.4373,0.241,1.42,1.69,35.8,55.6,0.0,3.0,1.52,1.3,1.21,1.33,0.0,2.74,6,1
2021,2021-10-31,2411,Barclays Premier League,Norwich City,Leeds United,55.78,69.86,0.2705,0.4644,0.2651,1.07,1.49,38.3,38.9,1.0,2.0,0.76,0.8,0.54,1.48,1.05,2.1,45,2
2021,2021-10-31,2411,Barclays Premier League,Aston Villa,West Ham United,71.36,76.43,0.3494,0.3999,0.2507,1.42,1.53,17.4,43.0,1.0,4.0,0.72,2.72,0.82,1.46,1.05,3.28,7,21
2021,2021-11-01,2411,Barclays Premier League,Wolverhampton,Everton,73.13,70.03,0.4377,0.2926,0.2697,1.43,1.11,14.2,14.1,2.0,1.0,1.53,1.86,1.47,1.36,2.1,1.05,39,11
2021,2021-11-05,2411,Barclays Premier League,Southampton,Aston Villa,69.67,69.81,0.4098,0.3307,0.2595,1.47,1.29,24.2,21.3,1.0,0.0,0.89,0.69,1.44,2.37,1.05,0.0,20,7
2021,2021-11-06,2411,Barclays Premier League,Manchester United,Manchester City,81.64,93.05,0.2246,0.5617,0.2136,1.27,2.1,54.2,75.2,0.0,2.0,0.79,2.67,0.4,1.75,0.0,2.1,1,43
2021,2021-11-06,2411,Barclays Premier League,Crystal Palace,Wolverhampton,69.55,72.96,0.384,0.3323,0.2837,1.24,1.14,18.9,16.5,2.0,0.0,2.16,0.29,1.88,0.82,1.91,0.0,31,39
2021,2021-11-06,2411,Barclays Premier League,Chelsea,Burnley,89.71,65.69,0.742,0.0845,0.1735,2.23,0.6,59.0,37.1,1.0,1.0,2.73,0.71,3.51,0.85,1.05,1.05,8,90
2021,2021-11-06,2411,Barclays Premier League,Brentford,Norwich City,69.77,55.51,0.5631,0.1843,0.2526,1.63,0.81,24.7,31.6,1.0,2.0,3.02,1.17,2.82,0.7,1.05,2.1,94,45
2021,2021-11-06,2411,Barclays Premier League,Brighton and Hove Albion,Newcastle,75.99,60.79,0.558,0.1978,0.2442,1.71,0.91,26.4,42.6,1.0,1.0,1.43,0.34,1.38,0.52,1.05,1.05,36,4
2021,2021-11-07,2411,Barclays Premier League,Leeds United,Leicester City,70.3,74.11,0.3776,0.369,0.2534,1.46,1.44,26.1,20.7,1.0,1.0,1.72,0.74,1.38,0.63,1.05,1.05,2,13
2021,2021-11-07,2411,Barclays Premier League,Everton,Tottenham Hotspur,69.97,72.94,0.3861,0.3622,0.2517,1.5,1.44,16.7,23.9,0.0,0.0,0.65,0.91,1.57,0.88,0.0,0.0,11,6
2021,2021-11-07,2411,Barclays Premier League,Arsenal,Watford,77.46,59.5,0.6195,0.1544,0.2261,1.85,0.8,39.6,42.0,1.0,0.0,1.55,0.52,1.62,0.81,1.05,0.0,3,57
2021,2021-11-07,2411,Barclays Premier League,West Ham United,Liverpool,78.26,91.24,0.2192,0.5751,0.2056,1.32,2.22,56.6,68.8,3.0,2.0,1.11,2.03,0.8,2.64,3.05,2.1,21,14
2021,2021-11-20,2411,Barclays Premier League,Leicester City,Chelsea,73.71,89.51,0.2046,0.564,0.2315,1.02,1.85,23.2,55.5,0.0,3.0,0.53,2.57,0.39,1.24,0.0,3.13,13,8
2021,2021-11-20,2411,Barclays Premier League,Aston Villa,Brighton and Hove Albion,70.01,76.08,0.3729,0.3578,0.2692,1.32,1.29,27.7,21.6,2.0,0.0,1.05,0.35,1.14,0.54,1.61,0.0,7,36
2021,2021-11-20,2411,Barclays Premier League,Wolverhampton,West Ham United,71.28,78.51,0.2841,0.4536,0.2623,1.14,1.5,12.7,59.5,1.0,0.0,1.44,0.42,1.16,1.13,1.05,0.0,39,21
2021,2021-11-20,2411,Barclays Premier League,Norwich City,Southampton,55.19,69.71,0.2865,0.4382,0.2753,1.06,1.38,36.1,22.1,2.0,1.0,0.53,1.09,0.66,1.62,2.1,1.05,45,20
2021,2021-11-20,2411,Barclays Premier League,Newcastle,Brentford,61.0,69.45,0.3583,0.3789,0.2628,1.34,1.38,47.5,24.5,3.0,3.0,2.51,1.11,2.2,0.8,3.15,3.15,4,94
2021,2021-11-20,2411,Barclays Premier League,Watford,Manchester United,59.62,80.86,0.1957,0.577,0.2273,1.01,1.89,46.8,47.2,4.0,1.0,2.99,1.72,1.81,1.19,2.94,1.05,57,1
2021,2021-11-20,2411,Barclays Premier League,Burnley,Crystal Palace,65.84,71.28,0.3898,0.3436,0.2666,1.38,1.28,37.4,14.6,3.0,3.0,1.37,1.87,1.27,2.01,3.15,3.15,90,31
2021,2021-11-20,2411,Barclays Premier League,Liverpool,Arsenal,91.04,77.68,0.6733,0.1424,0.1843,2.36,0.99,64.7,52.7,4.0,0.0,3.7,0.26,1.88,0.42,3.95,0.0,14,3
2021,2021-11-21,2411,Barclays Premier League,Manchester City,Everton,93.57,70.29,0.8212,0.0543,0.1244,2.73,0.58,84.5,16.5,3.0,0.0,2.86,0.25,1.94,0.52,2.75,0.0,43,11
2021,2021-11-21,2411,Barclays Premier League,Tottenham Hotspur,Leeds United,73.18,70.96,0.4472,0.2926,0.2601,1.52,1.18,24.8,27.3,2.0,1.0,2.39,1.31,1.25,1.05,2.1,1.05,6,2
2021,2021-11-27,2411,Barclays Premier League,Arsenal,Newcastle,76.37,61.87,0.5674,0.1987,0.2339,1.82,0.98,34.5,43.4,2.0,0.0,3.24,0.24,2.0,0.89,2.1,0.0,3,4
2021,2021-11-27,2411,Barclays Premier League,Liverpool,Southampton,91.77,69.55,0.7952,0.0691,0.1357,2.7,0.68,64.0,18.0,4.0,0.0,2.68,1.45,2.45,0.67,4.2,0.0,14,20
2021,2021-11-27,2411,Barclays Premier League,Crystal Palace,Aston Villa,71.4,71.18,0.4161,0.325,0.2588,1.49,1.28,16.0,19.3,1.0,2.0,0.98,0.48,1.3,0.96,1.05,1.69,31,7
2021,2021-11-27,2411,Barclays Premier League,Norwich City,Wolverhampton,55.41,72.48,0.2762,0.4434,0.2805,1.01,1.35,39.9,13.4,0.0,0.0,1.52,0.35,1.31,0.73,0.0,0.0,45,39
2021,2021-11-27,2411,Barclays Premier League,Brighton and Hove Albion,Leeds United,75.39,70.45,0.4487,0.2739,0.2774,1.38,1.01,20.1,30.6,0.0,0.0,2.13,0.92,2.4,0.58,0.0,0.0,36,2
2021,2021-11-28,2411,Barclays Premier League,Brentford,Everton,67.9,70.08,0.407,0.3332,0.2599,1.46,1.3,27.3,19.3,1.0,0.0,1.19,1.13,0.95,1.85,1.05,0.0,94,11
2021,2021-11-28,2411,Barclays Premier League,Burnley,Tottenham Hotspur,64.81,73.36,0.3471,0.3919,0.261,1.33,1.42,41.0,22.0,,,,,,,,,90,6
2021,2021-11-28,2411,Barclays Premier League,Leicester City,Watford,72.26,62.0,0.5204,0.2355,0.2441,1.72,1.08,14.1,42.5,4.0,2.0,2.25,2.93,1.34,1.74,4.2,2.1,13,57
2021,2021-11-28,2411,Barclays Premier League,Manchester City,West Ham United,93.63,78.53,0.7035,0.1182,0.1784,2.34,0.85,79.0,63.3,2.0,1.0,2.62,0.19,1.61,0.84,1.59,1.05,43,21
2021,2021-11-28,2411,Barclays Premier League,Chelsea,Manchester United,90.95,79.18,0.608,0.1742,0.2178,1.98,0.95,57.3,52.7,1.0,1.0,2.54,0.65,1.93,0.25,1.05,1.05,8,1
2021,2021-11-30,2411,Barclays Premier League,Newcastle,Norwich City,60.49,56.67,0.4765,0.2624,0.2611,1.54,1.07,41.5,41.8,1.0,1.0,1.13,1.52,0.44,1.92,1.05,0.84,4,45
2021,2021-11-30,2411,Barclays Premier League,Leeds United,Crystal Palace,69.77,71.38,0.4199,0.3119,0.2682,1.41,1.18,34.6,14.9,1.0,0.0,1.99,0.78,0.96,0.82,1.05,0.0,2,31
2021,2021-12-01,2411,Barclays Premier League,West Ham United,Brighton and Hove Albion,78.68,76.17,0.4979,0.2368,0.2654,1.51,0.96,63.7,27.4,1.0,1.0,1.13,1.43,0.94,1.61,1.05,1.05,21,36
2021,2021-12-01,2411,Barclays Premier League,Watford,Chelsea,62.13,91.13,0.1159,0.6948,0.1892,0.76,2.18,44.5,54.4,1.0,2.0,0.98,0.91,1.24,1.06,1.05,2.1,57,8
2021,2021-12-01,2411,Barclays Premier League,Wolverhampton,Burnley,71.83,65.01,0.447,0.284,0.2691,1.44,1.09,12.9,38.2,0.0,0.0,0.75,0.25,1.61,1.13,0.0,0.0,39,90
2021,2021-12-01,2411,Barclays Premier League,Southampton,Leicester City,69.26,71.29,0.3951,0.3474,0.2575,1.46,1.35,28.0,14.9,2.0,2.0,1.91,1.57,1.56,1.18,2.1,2.1,20,13
2021,2021-12-01,2411,Barclays Premier League,Everton,Liverpool,70.34,91.87,0.1255,0.7059,0.1687,0.99,2.54,19.5,63.5,1.0,4.0,0.55,3.03,0.61,2.17,1.05,3.99,11,14
2021,2021-12-01,2411,Barclays Premier League,Aston Villa,Manchester City,71.44,93.61,0.1059,0.7263,0.1678,0.82,2.44,14.4,81.9,1.0,2.0,0.82,1.36,1.02,1.91,1.05,2.1,7,43
2021,2021-12-02,2411,Barclays Premier League,Tottenham Hotspur,Brentford,72.26,67.93,0.4723,0.2717,0.256,1.58,1.14,23.7,20.5,2.0,0.0,2.54,0.32,1.34,1.26,2.1,0.0,6,94
2021,2021-12-02,2411,Barclays Premier League,Manchester United,Arsenal,79.01,77.57,0.4452,0.3016,0.2532,1.58,1.26,51.9,62.0,3.0,2.0,2.17,1.37,1.56,1.27,3.15,2.1,1,3
2021,2021-12-04,2411,Barclays Premier League,West Ham United,Chelsea,77.81,90.52,0.2493,0.5002,0.2505,1.09,1.65,60.0,57.7,3.0,2.0,2.01,1.37,0.94,2.23,3.15,2.1,21,8
2021,2021-12-04,2411,Barclays Premier League,Wolverhampton,Liverpool,72.17,92.21,0.1146,0.7061,0.1793,0.81,2.31,12.4,76.1,0.0,1.0,0.12,2.66,0.22,2.77,0.0,1.05,39,14
2021,2021-12-04,2411,Barclays Premier League,Newcastle,Burnley,59.35,65.25,0.3567,0.3892,0.2541,1.41,1.48,37.6,48.6,1.0,0.0,1.55,0.63,0.99,1.09,1.05,0.0,4,90
2021,2021-12-04,2411,Barclays Premier League,Southampton,Brighton and Hove Albion,69.29,77.06,0.3417,0.3688,0.2895,1.12,1.18,25.1,18.6,1.0,1.0,1.23,1.57,1.82,1.0,1.05,1.05,20,36
2021,2021-12-04,2411,Barclays Premier League,Watford,Manchester City,63.36,93.34,0.0825,0.7695,0.148,0.74,2.6,41.4,75.7,1.0,3.0,0.88,3.68,0.84,3.52,1.05,3.15,57,43
2021,2021-12-05,2411,Barclays Premier League,Leeds United,Brentford,70.53,66.84,0.4602,0.2771,0.2627,1.51,1.11,32.3,27.7,2.0,2.0,1.49,1.24,1.3,1.17,2.1,2.1,2,94
2021,2021-12-05,2411,Barclays Premier League,Manchester United,Crystal Palace,79.2,70.93,0.5725,0.1995,0.2279,1.89,1.02,50.5,14.7,1.0,0.0,0.98,0.57,2.09,0.65,1.05,0.0,1,31
2021,2021-12-05,2411,Barclays Premier League,Tottenham Hotspur,Norwich City,73.37,57.92,0.5785,0.178,0.2435,1.71,0.83,26.8,42.0,3.0,0.0,2.12,1.23,1.04,1.75,2.98,0.0,6,45
2021,2021-12-05,2411,Barclays Premier League,Aston Villa,Leicester City,72.12,71.01,0.4306,0.3253,0.2441,1.65,1.41,15.7,15.8,2.0,1.0,2.01,1.03,1.29,1.7,2.1,1.05,7,13
2021,2021-12-06,2411,Barclays Premier League,Everton,Arsenal,69.66,77.09,0.3223,0.4122,0.2655,1.23,1.42,22.7,40.4,2.0,1.0,1.12,1.01,0.93,0.97,2.1,1.05,11,3
2021,2021-12-10,2411,Barclays Premier League,Brentford,Watford,67.05,62.92,0.4497,0.2949,0.2553,1.56,1.22,31.4,48.6,,,,,,,,,94,57
2021,2021-12-11,2411,Barclays Premier League,Manchester City,Wolverhampton,93.17,71.5,0.814,0.0453,0.1407,2.37,0.39,87.6,9.9,,,,,,,,,43,39
2021,2021-12-11,2411,Barclays Premier League,Liverpool,Aston Villa,92.69,72.41,0.7987,0.0702,0.1311,2.8,0.73,86.9,15.4,,,,,,,,,14,7
2021,2021-12-11,2411,Barclays Premier League,Arsenal,Southampton,76.59,69.5,0.5107,0.2322,0.2571,1.59,0.98,31.2,22.1,,,,,,,,,3,20
2021,2021-12-11,2411,Barclays Premier League,Chelsea,Leeds United,89.38,70.11,0.6971,0.1119,0.1909,2.14,0.72,35.0,23.8,,,,,,,,,8,2
2021,2021-12-11,2411,Barclays Premier League,Norwich City,Manchester United,57.69,78.39,0.1981,0.5695,0.2325,0.98,1.83,39.9,48.2,,,,,,,,,45,1
2021,2021-12-12,2411,Barclays Premier League,Brighton and Hove Albion,Tottenham Hotspur,76.75,73.36,0.4244,0.2969,0.2786,1.34,1.08,18.9,37.0,,,,,,,,,36,6
2021,2021-12-12,2411,Barclays Premier League,Burnley,West Ham United,64.81,78.51,0.2588,0.4994,0.2418,1.19,1.74,43.1,60.5,,,,,,,,,90,21
2021,2021-12-12,2411,Barclays Premier League,Leicester City,Newcastle,70.72,60.33,0.5254,0.2437,0.2308,1.88,1.21,13.5,44.4,,,,,,,,,13,4
2021,2021-12-12,2411,Barclays Premier League,Crystal Palace,Everton,70.91,70.3,0.4224,0.3051,0.2726,1.38,1.13,19.9,15.8,,,,,,,,,31,11
2021,2021-12-14,2411,Barclays Premier League,Brentford,Manchester United,67.05,78.39,0.2933,0.4609,0.2458,1.29,1.67,,,,,,,,,,,94,1
2021,2021-12-14,2411,Barclays Premier League,Norwich City,Aston Villa,57.69,72.41,0.2624,0.4775,0.2601,1.08,1.55,,,,,,,,,,,45,7
2021,2021-12-14,2411,Barclays Premier League,Manchester City,Leeds United,93.17,70.11,0.7689,0.0787,0.1524,2.49,0.67,,,,,,,,,,,43,2
2021,2021-12-15,2411,Barclays Premier League,Crystal Palace,Southampton,70.91,69.5,0.4286,0.296,0.2754,1.37,1.09,,,,,,,,,,,31,20
2021,2021-12-15,2411,Barclays Premier League,Burnley,Watford,64.81,62.92,0.4405,0.3027,0.2568,1.54,1.23,,,,,,,,,,,90,57
2021,2021-12-15,2411,Barclays Premier League,Brighton and Hove Albion,Wolverhampton,76.75,71.5,0.4697,0.23,0.3004,1.25,0.78,,,,,,,,,,,36,39
2021,2021-12-15,2411,Barclays Premier League,Arsenal,West Ham United,76.59,78.51,0.3913,0.3499,0.2588,1.44,1.35,,,,,,,,,,,3,21
2021,2021-12-16,2411,Barclays Premier League,Leicester City,Tottenham Hotspur,70.72,73.36,0.4074,0.3449,0.2477,1.58,1.43,,,,,,,,,,,13,6
2021,2021-12-16,2411,Barclays Premier League,Chelsea,Everton,89.38,70.3,0.6858,0.1197,0.1945,2.12,0.75,,,,,,,,,,,8,11
2021,2021-12-16,2411,Barclays Premier League,Liverpool,Newcastle,92.69,60.33,0.8507,0.0475,0.1018,3.14,0.66,,,,,,,,,,,14,4
2021,2021-12-18,2411,Barclays Premier League,Manchester United,Brighton and Hove Albion,78.39,76.75,0.4584,0.2765,0.2651,1.49,1.09,,,,,,,,,,,1,36
2021,2021-12-18,2411,Barclays Premier League,Watford,Crystal Palace,62.92,70.91,0.3459,0.3851,0.269,1.26,1.35,,,,,,,,,,,57,31
2021,2021-12-18,2411,Barclays Premier League,West Ham United,Norwich City,78.51,57.69,0.6662,0.1288,0.205,2.02,0.76,,,,,,,,,,,21,45
2021,2021-12-18,2411,Barclays Premier League,Southampton,Brentford,69.5,67.05,0.441,0.2949,0.2641,1.48,1.16,,,,,,,,,,,20,94
2021,2021-12-18,2411,Barclays Premier League,Aston Villa,Burnley,72.41,64.81,0.509,0.2447,0.2463,1.7,1.1,,,,,,,,,,,7,90
2021,2021-12-18,2411,Barclays Premier League,Leeds United,Arsenal,70.11,76.59,0.3461,0.3843,0.2695,1.26,1.34,,,,,,,,,,,2,3
2021,2021-12-19,2411,Barclays Premier League,Everton,Leicester City,70.3,70.72,0.4075,0.3426,0.2499,1.55,1.41,,,,,,,,,,,11,13
2021,2021-12-19,2411,Barclays Premier League,Wolverhampton,Chelsea,71.5,89.38,0.1867,0.5633,0.2501,0.83,1.65,,,,,,,,,,,39,8
2021,2021-12-19,2411,Barclays Premier League,Newcastle,Manchester City,60.33,93.17,0.0845,0.7716,0.1439,0.79,2.7,,,,,,,,,,,4,43
2021,2021-12-19,2411,Barclays Premier League,Tottenham Hotspur,Liverpool,73.36,92.69,0.1589,0.6534,0.1876,1.09,2.37,,,,,,,,,,,6,14
2021,2021-12-26,2411,Barclays Premier League,Wolverhampton,Watford,71.5,62.92,0.481,0.2433,0.2757,1.42,0.93,,,,,,,,,,,39,57
2021,2021-12-26,2411,Barclays Premier League,Liverpool,Leeds United,92.69,70.11,0.7739,0.0823,0.1438,2.68,0.77,,,,,,,,,,,14,2
2021,2021-12-26,2411,Barclays Premier League,Tottenham Hotspur,Crystal Palace,73.36,70.91,0.4535,0.2799,0.2666,1.47,1.09,,,,,,,,,,,6,31
2021,2021-12-26,2411,Barclays Premier League,Manchester City,Leicester City,93.17,70.72,0.7638,0.0895,0.1467,2.69,0.83,,,,,,,,,,,43,13
2021,2021-12-26,2411,Barclays Premier League,Burnley,Everton,64.81,70.3,0.3651,0.3703,0.2646,1.34,1.35,,,,,,,,,,,90,11
2021,2021-12-26,2411,Barclays Premier League,Norwich City,Arsenal,57.69,76.59,0.2265,0.5162,0.2573,0.96,1.59,,,,,,,,,,,45,3
2021,2021-12-26,2411,Barclays Premier League,West Ham United,Southampton,78.51,69.5,0.5401,0.2193,0.2406,1.76,1.03,,,,,,,,,,,21,20
2021,2021-12-26,2411,Barclays Premier League,Aston Villa,Chelsea,72.41,89.38,0.2106,0.5598,0.2297,1.06,1.88,,,,,,,,,,,7,8
2021,2021-12-26,2411,Barclays Premier League,Brighton and Hove Albion,Brentford,76.75,67.05,0.511,0.2249,0.2641,1.53,0.92,,,,,,,,,,,36,94
2021,2021-12-27,2411,Barclays Premier League,Newcastle,Manchester United,60.33,78.39,0.2351,0.5341,0.2308,1.17,1.88,,,,,,,,,,,4,1
2021,2021-12-28,2411,Barclays Premier League,Arsenal,Wolverhampton,76.59,71.5,0.486,0.2329,0.2811,1.39,0.87,,,,,,,,,,,3,39
2021,2021-12-28,2411,Barclays Premier League,Crystal Palace,Norwich City,70.91,57.69,0.5554,0.1879,0.2567,1.59,0.81,,,,,,,,,,,31,45
2021,2021-12-28,2411,Barclays Premier League,Southampton,Tottenham Hotspur,69.5,73.36,0.3726,0.3591,0.2684,1.33,1.3,,,,,,,,,,,20,6
2021,2021-12-28,2411,Barclays Premier League,Watford,West Ham United,62.92,78.51,0.2567,0.5046,0.2387,1.2,1.78,,,,,,,,,,,57,21
2021,2021-12-28,2411,Barclays Premier League,Leeds United,Aston Villa,70.11,72.41,0.3906,0.346,0.2635,1.4,1.3,,,,,,,,,,,2,7
2021,2021-12-28,2411,Barclays Premier League,Leicester City,Liverpool,70.72,92.69,0.1444,0.6873,0.1683,1.17,2.66,,,,,,,,,,,13,14
2021,2021-12-29,2411,Barclays Premier League,Chelsea,Brighton and Hove Albion,89.38,76.75,0.6148,0.1524,0.2328,1.78,0.75,,,,,,,,,,,8,36
2021,2021-12-29,2411,Barclays Premier League,Brentford,Manchester City,67.05,93.17,0.1169,0.7106,0.1725,0.88,2.43,,,,,,,,,,,94,43
2021,2021-12-30,2411,Barclays Premier League,Everton,Newcastle,70.3,60.33,0.5246,0.2297,0.2457,1.7,1.04,,,,,,,,,,,11,4
2021,2021-12-30,2411,Barclays Premier League,Manchester United,Burnley,78.39,64.81,0.5907,0.1883,0.221,1.96,1.01,,,,,,,,,,,1,90
2021,2022-01-01,2411,Barclays Premier League,Arsenal,Manchester City,76.59,93.17,0.1811,0.6041,0.2148,1.01,2.03,,,,,,,,,,,3,43
2021,2022-01-01,2411,Barclays Premier League,Watford,Tottenham Hotspur,62.92,73.36,0.3151,0.4283,0.2566,1.27,1.52,,,,,,,,,,,57,6
2021,2022-01-01,2411,Barclays Premier League,Leicester City,Norwich City,70.72,57.69,0.5866,0.1861,0.2273,1.88,0.96,,,,,,,,,,,13,45
2021,2022-01-01,2411,Barclays Premier League,Crystal Palace,West Ham United,70.91,78.51,0.3223,0.416,0.2618,1.25,1.46,,,,,,,,,,,31,21
2021,2022-01-02,2411,Barclays Premier League,Southampton,Newcastle,69.5,60.33,0.5111,0.2374,0.2514,1.64,1.04,,,,,,,,,,,20,4
2021,2022-01-02,2411,Barclays Premier League,Everton,Brighton and Hove Albion,70.3,76.75,0.3536,0.3624,0.2841,1.18,1.2,,,,,,,,,,,11,36
2021,2022-01-02,2411,Barclays Premier League,Leeds United,Burnley,70.11,64.81,0.4744,0.2675,0.2581,1.56,1.11,,,,,,,,,,,2,90
2021,2022-01-02,2411,Barclays Premier League,Brentford,Aston Villa,67.05,72.41,0.363,0.378,0.259,1.38,1.41,,,,,,,,,,,94,7
2021,2022-01-02,2411,Barclays Premier League,Chelsea,Liverpool,89.38,92.69,0.3484,0.4148,0.2369,1.55,1.71,,,,,,,,,,,8,14
2021,2022-01-03,2411,Barclays Premier League,Manchester United,Wolverhampton,78.39,71.5,0.5245,0.2162,0.2593,1.57,0.91,,,,,,,,,,,1,39
2021,2022-01-14,2411,Barclays Premier League,Brighton and Hove Albion,Crystal Palace,76.75,70.91,0.4719,0.2459,0.2822,1.37,0.9,,,,,,,,,,,36,31
2021,2022-01-15,2411,Barclays Premier League,Manchester City,Chelsea,93.17,89.38,0.5143,0.2482,0.2376,1.79,1.18,,,,,,,,,,,43,8
2021,2022-01-15,2411,Barclays Premier League,Norwich City,Everton,57.69,70.3,0.2849,0.4445,0.2706,1.09,1.43,,,,,,,,,,,45,11
2021,2022-01-15,2411,Barclays Premier League,Wolverhampton,Southampton,71.5,69.5,0.4154,0.2905,0.2941,1.23,0.98,,,,,,,,,,,39,20
2021,2022-01-15,2411,Barclays Premier League,Burnley,Leicester City,64.81,70.72,0.3516,0.4014,0.2471,1.46,1.57,,,,,,,,,,,90,13
2021,2022-01-15,2411,Barclays Premier League,Liverpool,Brentford,92.69,67.05,0.8006,0.0705,0.129,2.85,0.75,,,,,,,,,,,14,94
2021,2022-01-15,2411,Barclays Premier League,Newcastle,Watford,60.33,62.92,0.3966,0.3457,0.2577,1.46,1.35,,,,,,,,,,,4,57
2021,2022-01-15,2411,Barclays Premier League,Aston Villa,Manchester United,72.41,78.39,0.3499,0.4001,0.25,1.42,1.54,,,,,,,,,,,7,1
2021,2022-01-16,2411,Barclays Premier League,West Ham United,Leeds United,78.51,70.11,0.5325,0.2267,0.2408,1.76,1.06,,,,,,,,,,,21,2
2021,2022-01-16,2411,Barclays Premier League,Tottenham Hotspur,Arsenal,73.36,76.59,0.3851,0.3487,0.2662,1.37,1.29,,,,,,,,,,,6,3
2021,2022-01-21,2411,Barclays Premier League,Watford,Norwich City,62.92,57.69,0.4858,0.252,0.2622,1.53,1.03,,,,,,,,,,,57,45
2021,2022-01-22,2411,Barclays Premier League,Everton,Aston Villa,70.3,72.41,0.3942,0.3438,0.262,1.42,1.31,,,,,,,,,,,11,7
2021,2022-01-22,2411,Barclays Premier League,Leeds United,Newcastle,70.11,60.33,0.5206,0.2317,0.2477,1.68,1.04,,,,,,,,,,,2,4
2021,2022-01-22,2411,Barclays Premier League,Brentford,Wolverhampton,67.05,71.5,0.3862,0.3253,0.2885,1.22,1.09,,,,,,,,,,,94,39
2021,2022-01-22,2411,Barclays Premier League,Arsenal,Burnley,76.59,64.81,0.5514,0.2066,0.242,1.74,0.96,,,,,,,,,,,3,90
2021,2022-01-22,2411,Barclays Premier League,Manchester United,West Ham United,78.39,78.51,0.4268,0.3281,0.2452,1.63,1.41,,,,,,,,,,,1,21
2021,2022-01-22,2411,Barclays Premier League,Southampton,Manchester City,69.5,93.17,0.1292,0.6839,0.1869,0.87,2.26,,,,,,,,,,,20,43
2021,2022-01-23,2411,Barclays Premier League,Crystal Palace,Liverpool,70.91,92.69,0.1383,0.6782,0.1835,0.97,2.35,,,,,,,,,,,31,14
2021,2022-01-23,2411,Barclays Premier League,Leicester City,Brighton and Hove Albion,70.72,76.75,0.3756,0.3591,0.2653,1.36,1.32,,,,,,,,,,,13,36
2021,2022-01-23,2411,Barclays Premier League,Chelsea,Tottenham Hotspur,89.38,73.36,0.6527,0.1413,0.206,2.05,0.83,,,,,,,,,,,8,6
2021,2022-02-08,2411,Barclays Premier League,Aston Villa,Leeds United,72.41,70.11,0.4524,0.2887,0.2589,1.53,1.17,,,,,,,,,,,7,2
2021,2022-02-08,2411,Barclays Premier League,Brighton and Hove Albion,Chelsea,76.75,89.38,0.2373,0.5016,0.261,0.98,1.55,,,,,,,,,,,36,8
2021,2022-02-08,2411,Barclays Premier League,West Ham United,Watford,78.51,62.92,0.609,0.1755,0.2156,2.01,0.98,,,,,,,,,,,21,57
2021,2022-02-08,2411,Barclays Premier League,Norwich City,Crystal Palace,57.69,70.91,0.2826,0.4391,0.2783,1.04,1.36,,,,,,,,,,,45,31
2021,2022-02-08,2411,Barclays Premier League,Wolverhampton,Arsenal,71.5,76.59,0.3383,0.3682,0.2935,1.1,1.16,,,,,,,,,,,39,3
2021,2022-02-08,2411,Barclays Premier League,Burnley,Manchester United,64.81,78.39,0.2721,0.4858,0.2422,1.24,1.73,,,,,,,,,,,90,1
2021,2022-02-09,2411,Barclays Premier League,Tottenham Hotspur,Southampton,73.36,69.5,0.4678,0.271,0.2612,1.53,1.1,,,,,,,,,,,6,20
2021,2022-02-09,2411,Barclays Premier League,Newcastle,Everton,60.33,70.3,0.3239,0.416,0.2601,1.27,1.47,,,,,,,,,,,4,11
2021,2022-02-09,2411,Barclays Premier League,Manchester City,Brentford,93.17,67.05,0.7955,0.0675,0.137,2.65,0.65,,,,,,,,,,,43,94
2021,2022-02-09,2411,Barclays Premier League,Liverpool,Leicester City,92.69,70.72,0.7684,0.0927,0.1389,2.89,0.94,,,,,,,,,,,14,13
2021,2022-02-12,2411,Barclays Premier League,Manchester United,Southampton,78.39,69.5,0.5409,0.2203,0.2388,1.78,1.05,,,,,,,,,,,1,20
2021,2022-02-12,2411,Barclays Premier League,Burnley,Liverpool,64.81,92.69,0.1052,0.742,0.1528,0.94,2.71,,,,,,,,,,,90,14
2021,2022-02-12,2411,Barclays Premier League,Norwich City,Manchester City,57.69,93.17,0.0704,0.7891,0.1405,0.66,2.62,,,,,,,,,,,45,43
2021,2022-02-12,2411,Barclays Premier League,Brentford,Crystal Palace,67.05,70.91,0.3853,0.3434,0.2713,1.33,1.24,,,,,,,,,,,94,31
2021,2022-02-12,2411,Barclays Premier League,Chelsea,Arsenal,89.38,76.59,0.6154,0.1627,0.2219,1.91,0.86,,,,,,,,,,,8,3
2021,2022-02-12,2411,Barclays Premier League,Everton,Leeds United,70.3,70.11,0.4226,0.3105,0.2669,1.43,1.19,,,,,,,,,,,11,2
2021,2022-02-12,2411,Barclays Premier League,Leicester City,West Ham United,70.72,78.51,0.3418,0.4181,0.2401,1.5,1.68,,,,,,,,,,,13,21
2021,2022-02-12,2411,Barclays Premier League,Tottenham Hotspur,Wolverhampton,73.36,71.5,0.4529,0.2642,0.2829,1.35,0.96,,,,,,,,,,,6,39
2021,2022-02-12,2411,Barclays Premier League,Watford,Brighton and Hove Albion,62.92,76.75,0.2881,0.4397,0.2722,1.09,1.41,,,,,,,,,,,57,36
2021,2022-02-12,2411,Barclays Premier League,Newcastle,Aston Villa,60.33,72.41,0.2995,0.4486,0.2519,1.26,1.6,,,,,,,,,,,4,7
2021,2022-02-19,2411,Barclays Premier League,West Ham United,Newcastle,78.51,60.33,0.6355,0.1576,0.2069,2.08,0.93,,,,,,,,,,,21,4
2021,2022-02-19,2411,Barclays Premier League,Leeds United,Manchester United,70.11,78.39,0.3196,0.4266,0.2538,1.31,1.55,,,,,,,,,,,2,1
2021,2022-02-19,2411,Barclays Premier League,Liverpool,Norwich City,92.69,57.69,0.868,0.0364,0.0957,3.06,0.52,,,,,,,,,,,14,45
2021,2022-02-19,2411,Barclays Premier League,Brighton and Hove Albion,Burnley,76.75,64.81,0.5349,0.2065,0.2586,1.58,0.87,,,,,,,,,,,36,90
2021,2022-02-19,2411,Barclays Premier League,Manchester City,Tottenham Hotspur,93.17,73.36,0.7377,0.0968,0.1655,2.42,0.75,,,,,,,,,,,43,6
2021,2022-02-19,2411,Barclays Premier League,Southampton,Everton,69.5,70.3,0.4073,0.3227,0.27,1.38,1.2,,,,,,,,,,,20,11
2021,2022-02-19,2411,Barclays Premier League,Crystal Palace,Chelsea,70.91,89.38,0.1916,0.574,0.2344,0.94,1.81,,,,,,,,,,,31,8
2021,2022-02-19,2411,Barclays Premier League,Arsenal,Brentford,76.59,67.05,0.5271,0.2253,0.2476,1.68,1.01,,,,,,,,,,,3,94
2021,2022-02-19,2411,Barclays Premier League,Wolverhampton,Leicester City,71.5,70.72,0.3953,0.3325,0.2722,1.34,1.21,,,,,,,,,,,39,13
2021,2022-02-19,2411,Barclays Premier League,Aston Villa,Watford,72.41,62.92,0.5284,0.2311,0.2406,1.76,1.08,,,,,,,,,,,7,57
2021,2022-02-26,2411,Barclays Premier League,Southampton,Norwich City,69.5,57.69,0.5449,0.1987,0.2564,1.6,0.85,,,,,,,,,,,20,45
2021,2022-02-26,2411,Barclays Premier League,Brighton and Hove Albion,Aston Villa,76.75,72.41,0.4516,0.2756,0.2728,1.42,1.05,,,,,,,,,,,36,7
2021,2022-02-26,2411,Barclays Premier League,Everton,Manchester City,70.3,93.17,0.1353,0.6767,0.188,0.91,2.27,,,,,,,,,,,11,43
2021,2022-02-26,2411,Barclays Premier League,West Ham United,Wolverhampton,78.51,71.5,0.5235,0.215,0.2614,1.55,0.89,,,,,,,,,,,21,39
2021,2022-02-26,2411,Barclays Premier League,Arsenal,Liverpool,76.59,92.69,0.1838,0.6133,0.2029,1.13,2.2,,,,,,,,,,,3,14
2021,2022-02-26,2411,Barclays Premier League,Leeds United,Tottenham Hotspur,70.11,73.36,0.3811,0.3526,0.2663,1.36,1.3,,,,,,,,,,,2,6
2021,2022-02-26,2411,Barclays Premier League,Manchester United,Watford,78.39,62.92,0.61,0.1762,0.2138,2.03,0.99,,,,,,,,,,,1,57
2021,2022-02-26,2411,Barclays Premier League,Crystal Palace,Burnley,70.91,64.81,0.4764,0.2606,0.263,1.52,1.05,,,,,,,,,,,31,90
2021,2022-02-26,2411,Barclays Premier League,Chelsea,Leicester City,89.38,70.72,0.6803,0.1333,0.1863,2.29,0.91,,,,,,,,,,,8,13
2021,2022-02-26,2411,Barclays Premier League,Brentford,Newcastle,67.05,60.33,0.4924,0.2583,0.2493,1.66,1.13,,,,,,,,,,,94,4
2021,2022-03-05,2411,Barclays Premier League,Norwich City,Brentford,57.69,67.05,0.3141,0.4146,0.2713,1.17,1.38,,,,,,,,,,,45,94
2021,2022-03-05,2411,Barclays Premier League,Wolverhampton,Crystal Palace,71.5,70.91,0.4017,0.2987,0.2995,1.18,0.97,,,,,,,,,,,39,31
2021,2022-03-05,2411,Barclays Premier League,Liverpool,West Ham United,92.69,78.51,0.6843,0.1393,0.1764,2.48,1.04,,,,,,,,,,,14,21
2021,2022-03-05,2411,Barclays Premier League,Burnley,Chelsea,64.81,89.38,0.1529,0.6423,0.2047,0.91,2.1,,,,,,,,,,,90,8
2021,2022-03-05,2411,Barclays Premier League,Newcastle,Brighton and Hove Albion,60.33,76.75,0.2659,0.4663,0.2678,1.04,1.47,,,,,,,,,,,4,36
2021,2022-03-05,2411,Barclays Premier League,Watford,Arsenal,62.92,76.59,0.2828,0.4615,0.2557,1.18,1.57,,,,,,,,,,,57,3
2021,2022-03-05,2411,Barclays Premier League,Aston Villa,Southampton,72.41,69.5,0.46,0.2802,0.2598,1.53,1.14,,,,,,,,,,,7,20
2021,2022-03-05,2411,Barclays Premier League,Manchester City,Manchester United,93.17,78.39,0.6822,0.134,0.1838,2.33,0.93,,,,,,,,,,,43,1
2021,2022-03-05,2411,Barclays Premier League,Leicester City,Leeds United,70.72,70.11,0.447,0.3047,0.2483,1.63,1.31,,,,,,,,,,,13,2
2021,2022-03-05,2411,Barclays Premier League,Tottenham Hotspur,Everton,73.36,70.3,0.4576,0.2829,0.2595,1.53,1.15,,,,,,,,,,,6,11
2021,2022-03-12,2411,Barclays Premier League,West Ham United,Aston Villa,78.51,72.41,0.5036,0.2551,0.2413,1.75,1.18,,,,,,,,,,,21,7
2021,2022-03-12,2411,Barclays Premier League,Everton,Wolverhampton,70.3,71.5,0.4162,0.2937,0.2901,1.25,1.01,,,,,,,,,,,11,39
2021,2022-03-12,2411,Barclays Premier League,Leeds United,Norwich City,70.11,57.69,0.5543,0.1937,0.252,1.63,0.85,,,,,,,,,,,2,45
2021,2022-03-12,2411,Barclays Premier League,Brighton and Hove Albion,Liverpool,76.75,92.69,0.1791,0.6074,0.2135,1.01,2.04,,,,,,,,,,,36,14
2021,2022-03-12,2411,Barclays Premier League,Brentford,Burnley,67.05,64.81,0.4462,0.2961,0.2577,1.54,1.21,,,,,,,,,,,94,90
2021,2022-03-12,2411,Barclays Premier League,Crystal Palace,Manchester City,70.91,93.17,0.1367,0.668,0.1953,0.87,2.17,,,,,,,,,,,31,43
2021,2022-03-12,2411,Barclays Premier League,Arsenal,Leicester City,76.59,70.72,0.4814,0.2746,0.244,1.71,1.23,,,,,,,,,,,3,13
2021,2022-03-12,2411,Barclays Premier League,Southampton,Watford,69.5,62.92,0.4841,0.2594,0.2565,1.58,1.09,,,,,,,,,,,20,57
2021,2022-03-12,2411,Barclays Premier League,Chelsea,Newcastle,89.38,60.33,0.7771,0.0733,0.1496,2.49,0.63,,,,,,,,,,,8,4
2021,2022-03-12,2411,Barclays Premier League,Manchester United,Tottenham Hotspur,78.39,73.36,0.4938,0.2626,0.2435,1.72,1.19,,,,,,,,,,,1,6
2021,2022-03-19,2411,Barclays Premier League,Burnley,Southampton,64.81,69.5,0.3753,0.3566,0.2681,1.34,1.3,,,,,,,,,,,90,20
2021,2022-03-19,2411,Barclays Premier League,Tottenham Hotspur,West Ham United,73.36,78.51,0.3573,0.3878,0.2548,1.4,1.47,,,,,,,,,,,6,21
2021,2022-03-19,2411,Barclays Premier League,Newcastle,Crystal Palace,60.33,70.91,0.3215,0.4114,0.2671,1.21,1.41,,,,,,,,,,,4,31
2021,2022-03-19,2411,Barclays Premier League,Watford,Everton,62.92,70.3,0.3486,0.3894,0.262,1.32,1.41,,,,,,,,,,,57,11
2021,2022-03-19,2411,Barclays Premier League,Aston Villa,Arsenal,72.41,76.59,0.3772,0.3592,0.2636,1.37,1.33,,,,,,,,,,,7,3
2021,2022-03-19,2411,Barclays Premier League,Manchester City,Brighton and Hove Albion,93.17,76.75,0.7014,0.1069,0.1917,2.11,0.68,,,,,,,,,,,43,36
2021,2022-03-19,2411,Barclays Premier League,Wolverhampton,Leeds United,71.5,70.11,0.4084,0.2992,0.2924,1.23,1.01,,,,,,,,,,,39,2
2021,2022-03-19,2411,Barclays Premier League,Liverpool,Manchester United,92.69,78.39,0.6858,0.1394,0.1748,2.51,1.06,,,,,,,,,,,14,1
2021,2022-03-19,2411,Barclays Premier League,Norwich City,Chelsea,57.69,89.38,0.1072,0.7082,0.1845,0.72,2.2,,,,,,,,,,,45,8
2021,2022-03-19,2411,Barclays Premier League,Leicester City,Brentford,70.72,67.05,0.4794,0.28,0.2406,1.74,1.28,,,,,,,,,,,13,94
2021,2022-04-02,2411,Barclays Premier League,Crystal Palace,Arsenal,70.91,76.59,0.3489,0.3754,0.2757,1.22,1.28,,,,,,,,,,,31,3
2021,2022-04-02,2411,Barclays Premier League,Wolverhampton,Aston Villa,71.5,72.41,0.3816,0.3321,0.2863,1.22,1.12,,,,,,,,,,,39,7
2021,2022-04-02,2411,Barclays Premier League,West Ham United,Everton,78.51,70.3,0.5299,0.2299,0.2403,1.76,1.08,,,,,,,,,,,21,11
2021,2022-04-02,2411,Barclays Premier League,Chelsea,Brentford,89.38,67.05,0.7179,0.1033,0.1788,2.26,0.72,,,,,,,,,,,8,94
2021,2022-04-02,2411,Barclays Premier League,Liverpool,Watford,92.69,62.92,0.8327,0.0556,0.1117,3.04,0.7,,,,,,,,,,,14,57
2021,2022-04-02,2411,Barclays Premier League,Burnley,Manchester City,64.81,93.17,0.1048,0.7318,0.1634,0.84,2.5,,,,,,,,,,,90,43
2021,2022-04-02,2411,Barclays Premier League,Tottenham Hotspur,Newcastle,73.36,60.33,0.5633,0.2025,0.2342,1.82,0.99,,,,,,,,,,,6,4
2021,2022-04-02,2411,Barclays Premier League,Leeds United,Southampton,70.11,69.5,0.4264,0.3037,0.2699,1.41,1.15,,,,,,,,,,,2,20
2021,2022-04-02,2411,Barclays Premier League,Brighton and Hove Albion,Norwich City,76.75,57.69,0.6108,0.1434,0.2458,1.65,0.65,,,,,,,,,,,36,45
2021,2022-04-02,2411,Barclays Premier League,Manchester United,Leicester City,78.39,70.72,0.52,0.253,0.227,1.93,1.29,,,,,,,,,,,1,13
2021,2022-04-09,2411,Barclays Premier League,Leicester City,Crystal Palace,70.72,70.91,0.4405,0.3056,0.2539,1.57,1.26,,,,,,,,,,,13,31
2021,2022-04-09,2411,Barclays Premier League,Southampton,Chelsea,69.5,89.38,0.1827,0.5907,0.2266,0.94,1.89,,,,,,,,,,,20,8
2021,2022-04-09,2411,Barclays Premier League,Manchester City,Liverpool,93.17,92.69,0.4383,0.3326,0.2291,1.84,1.58,,,,,,,,,,,43,14
2021,2022-04-09,2411,Barclays Premier League,Brentford,West Ham United,67.05,78.51,0.2929,0.4594,0.2477,1.27,1.65,,,,,,,,,,,94,21
2021,2022-04-09,2411,Barclays Premier League,Watford,Leeds United,62.92,70.11,0.3514,0.3852,0.2635,1.32,1.39,,,,,,,,,,,57,2
2021,2022-04-09,2411,Barclays Premier League,Aston Villa,Tottenham Hotspur,72.41,73.36,0.4136,0.3276,0.2588,1.48,1.29,,,,,,,,,,,7,6
2021,2022-04-09,2411,Barclays Premier League,Everton,Manchester United,70.3,78.39,0.3228,0.4244,0.2528,1.32,1.55,,,,,,,,,,,11,1
2021,2022-04-09,2411,Barclays Premier League,Newcastle,Wolverhampton,60.33,71.5,0.3238,0.3911,0.2851,1.11,1.25,,,,,,,,,,,4,39
2021,2022-04-09,2411,Barclays Premier League,Arsenal,Brighton and Hove Albion,76.59,76.75,0.4217,0.2952,0.2831,1.31,1.05,,,,,,,,,,,3,36
2021,2022-04-09,2411,Barclays Premier League,Norwich City,Burnley,57.69,64.81,0.3358,0.3905,0.2737,1.21,1.32,,,,,,,,,,,45,90
2021,2022-04-16,2411,Barclays Premier League,Tottenham Hotspur,Brighton and Hove Albion,73.36,76.75,0.3888,0.3302,0.2811,1.27,1.15,,,,,,,,,,,6,36
2021,2022-04-16,2411,Barclays Premier League,Newcastle,Leicester City,60.33,70.72,0.3097,0.4489,0.2414,1.38,1.71,,,,,,,,,,,4,13
2021,2022-04-16,2411,Barclays Premier League,Aston Villa,Liverpool,72.41,92.69,0.1528,0.665,0.1822,1.1,2.44,,,,,,,,,,,7,14
2021,2022-04-16,2411,Barclays Premier League,Watford,Brentford,62.92,67.05,0.381,0.3594,0.2596,1.41,1.37,,,,,,,,,,,57,94
2021,2022-04-16,2411,Barclays Premier League,Leeds United,Chelsea,70.11,89.38,0.1884,0.5845,0.2271,0.97,1.89,,,,,,,,,,,2,8
2021,2022-04-16,2411,Barclays Premier League,West Ham United,Burnley,78.51,64.81,0.5898,0.1875,0.2228,1.94,0.99,,,,,,,,,,,21,90
2021,2022-04-16,2411,Barclays Premier League,Southampton,Arsenal,69.5,76.59,0.338,0.3908,0.2712,1.23,1.34,,,,,,,,,,,20,3
2021,2022-04-16,2411,Barclays Premier League,Wolverhampton,Manchester City,71.5,93.17,0.1342,0.6567,0.2092,0.77,1.99,,,,,,,,,,,39,43
2021,2022-04-16,2411,Barclays Premier League,Manchester United,Norwich City,78.39,57.69,0.6674,0.1294,0.2032,2.05,0.77,,,,,,,,,,,1,45
2021,2022-04-16,2411,Barclays Premier League,Everton,Crystal Palace,70.3,70.91,0.4162,0.3108,0.2731,1.37,1.15,,,,,,,,,,,11,31
2021,2022-04-23,2411,Barclays Premier League,Norwich City,Newcastle,57.69,60.33,0.3779,0.3493,0.2727,1.31,1.25,,,,,,,,,,,45,4
2021,2022-04-23,2411,Barclays Premier League,Leicester City,Aston Villa,70.72,72.41,0.4172,0.3378,0.2449,1.62,1.44,,,,,,,,,,,13,7
2021,2022-04-23,2411,Barclays Premier League,Brighton and Hove Albion,Southampton,76.75,69.5,0.4864,0.2379,0.2757,1.42,0.91,,,,,,,,,,,36,20
2021,2022-04-23,2411,Barclays Premier League,Brentford,Tottenham Hotspur,67.05,73.36,0.3538,0.3848,0.2613,1.34,1.41,,,,,,,,,,,94,6
2021,2022-04-23,2411,Barclays Premier League,Manchester City,Watford,93.17,62.92,0.8276,0.0533,0.1191,2.83,0.6,,,,,,,,,,,43,57
2021,2022-04-23,2411,Barclays Premier League,Liverpool,Everton,92.69,70.3,0.7721,0.0838,0.1441,2.69,0.78,,,,,,,,,,,14,11
2021,2022-04-23,2411,Barclays Premier League,Chelsea,West Ham United,89.38,78.51,0.5903,0.1881,0.2217,1.95,1.0,,,,,,,,,,,8,21
2021,2022-04-23,2411,Barclays Premier League,Crystal Palace,Leeds United,70.91,70.11,0.4212,0.3048,0.274,1.37,1.12,,,,,,,,,,,31,2
2021,2022-04-23,2411,Barclays Premier League,Burnley,Wolverhampton,64.81,71.5,0.3635,0.3472,0.2893,1.17,1.14,,,,,,,,,,,90,39
2021,2022-04-23,2411,Barclays Premier League,Arsenal,Manchester United,76.59,78.39,0.3921,0.3511,0.2568,1.46,1.37,,,,,,,,,,,3,1
2021,2022-04-30,2411,Barclays Premier League,Wolverhampton,Brighton and Hove Albion,71.5,76.75,0.3408,0.3471,0.312,1.01,1.02,,,,,,,,,,,39,36
2021,2022-04-30,2411,Barclays Premier League,West Ham United,Arsenal,78.51,76.59,0.4549,0.2909,0.2542,1.58,1.21,,,,,,,,,,,21,3
2021,2022-04-30,2411,Barclays Premier League,Aston Villa,Norwich City,72.41,57.69,0.5891,0.1748,0.2362,1.77,0.85,,,,,,,,,,,7,45
2021,2022-04-30,2411,Barclays Premier League,Tottenham Hotspur,Leicester City,73.36,70.72,0.4457,0.3092,0.2451,1.66,1.35,,,,,,,,,,,6,13
2021,2022-04-30,2411,Barclays Premier League,Everton,Chelsea,70.3,89.38,0.1906,0.5827,0.2267,0.98,1.89,,,,,,,,,,,11,8
2021,2022-04-30,2411,Barclays Premier League,Manchester United,Brentford,78.39,67.05,0.5662,0.2063,0.2275,1.9,1.06,,,,,,,,,,,1,94
2021,2022-04-30,2411,Barclays Premier League,Leeds United,Manchester City,70.11,93.17,0.1336,0.6783,0.1881,0.9,2.26,,,,,,,,,,,2,43
2021,2022-04-30,2411,Barclays Premier League,Southampton,Crystal Palace,69.5,70.91,0.4037,0.3189,0.2774,1.32,1.14,,,,,,,,,,,20,31
2021,2022-04-30,2411,Barclays Premier League,Newcastle,Liverpool,60.33,92.69,0.0844,0.7817,0.1339,0.89,2.91,,,,,,,,,,,4,14
2021,2022-04-30,2411,Barclays Premier League,Watford,Burnley,62.92,64.81,0.4046,0.336,0.2594,1.46,1.31,,,,,,,,,,,57,90
2021,2022-05-07,2411,Barclays Premier League,Brentford,Southampton,67.05,69.5,0.3988,0.334,0.2672,1.39,1.25,,,,,,,,,,,94,20
2021,2022-05-07,2411,Barclays Premier League,Chelsea,Wolverhampton,89.38,71.5,0.6752,0.1108,0.214,1.88,0.6,,,,,,,,,,,8,39
2021,2022-05-07,2411,Barclays Premier League,Manchester City,Newcastle,93.17,60.33,0.8456,0.0455,0.1089,2.93,0.56,,,,,,,,,,,43,4
2021,2022-05-07,2411,Barclays Premier League,Arsenal,Leeds United,76.59,70.11,0.4948,0.2469,0.2583,1.57,1.03,,,,,,,,,,,3,2
2021,2022-05-07,2411,Barclays Premier League,Burnley,Aston Villa,64.81,72.41,0.34,0.4018,0.2583,1.33,1.47,,,,,,,,,,,90,7
2021,2022-05-07,2411,Barclays Premier League,Norwich City,West Ham United,57.69,78.51,0.2035,0.5601,0.2364,0.98,1.8,,,,,,,,,,,45,21
2021,2022-05-07,2411,Barclays Premier League,Leicester City,Everton,70.72,70.3,0.4441,0.3085,0.2474,1.63,1.32,,,,,,,,,,,13,11
2021,2022-05-07,2411,Barclays Premier League,Brighton and Hove Albion,Manchester United,76.75,78.39,0.3797,0.3492,0.2711,1.32,1.26,,,,,,,,,,,36,1
2021,2022-05-07,2411,Barclays Premier League,Liverpool,Tottenham Hotspur,92.69,73.36,0.7423,0.101,0.1566,2.6,0.86,,,,,,,,,,,14,6
2021,2022-05-07,2411,Barclays Premier League,Crystal Palace,Watford,70.91,62.92,0.4954,0.2469,0.2577,1.58,1.03,,,,,,,,,,,31,57
2021,2022-05-15,2411,Barclays Premier League,Aston Villa,Crystal Palace,72.41,70.91,0.4456,0.2893,0.265,1.47,1.13,,,,,,,,,,,7,31
2021,2022-05-15,2411,Barclays Premier League,Tottenham Hotspur,Burnley,73.36,64.81,0.5169,0.2362,0.2469,1.69,1.06,,,,,,,,,,,6,90
2021,2022-05-15,2411,Barclays Premier League,Wolverhampton,Norwich City,71.5,57.69,0.5391,0.1842,0.2767,1.43,0.71,,,,,,,,,,,39,45
2021,2022-05-15,2411,Barclays Premier League,Southampton,Liverpool,69.5,92.69,0.1304,0.6941,0.1755,0.97,2.45,,,,,,,,,,,20,14
2021,2022-05-15,2411,Barclays Premier League,West Ham United,Manchester City,78.51,93.17,0.2029,0.5832,0.2138,1.15,2.07,,,,,,,,,,,21,43
2021,2022-05-15,2411,Barclays Premier League,Leeds United,Brighton and Hove Albion,70.11,76.75,0.3502,0.3643,0.2855,1.17,1.2,,,,,,,,,,,2,36
2021,2022-05-15,2411,Barclays Premier League,Newcastle,Arsenal,60.33,76.59,0.2603,0.4888,0.2509,1.13,1.64,,,,,,,,,,,4,3
2021,2022-05-15,2411,Barclays Premier League,Everton,Brentford,70.3,67.05,0.454,0.2866,0.2594,1.53,1.16,,,,,,,,,,,11,94
2021,2022-05-15,2411,Barclays Premier League,Manchester United,Chelsea,78.39,89.38,0.272,0.4872,0.2408,1.25,1.75,,,,,,,,,,,1,8
2021,2022-05-15,2411,Barclays Premier League,Watford,Leicester City,62.92,70.72,0.3347,0.4212,0.2441,1.44,1.64,,,,,,,,,,,57,13
2021,2022-05-22,2411,Barclays Premier League,Liverpool,Wolverhampton,92.69,71.5,0.7615,0.0792,0.1592,2.39,0.63,,,,,,,,,,,14,39
2021,2022-05-22,2411,Barclays Premier League,Leicester City,Southampton,70.72,69.5,0.4549,0.296,0.2492,1.63,1.27,,,,,,,,,,,13,20
2021,2022-05-22,2411,Barclays Premier League,Arsenal,Everton,76.59,70.3,0.4921,0.2503,0.2576,1.58,1.05,,,,,,,,,,,3,11
2021,2022-05-22,2411,Barclays Premier League,Brentford,Leeds United,67.05,70.11,0.3913,0.3432,0.2655,1.39,1.28,,,,,,,,,,,94,2
2021,2022-05-22,2411,Barclays Premier League,Brighton and Hove Albion,West Ham United,76.75,78.51,0.3789,0.3479,0.2733,1.3,1.24,,,,,,,,,,,36,21
2021,2022-05-22,2411,Barclays Premier League,Norwich City,Tottenham Hotspur,57.69,73.36,0.2548,0.4839,0.2612,1.04,1.54,,,,,,,,,,,45,6
2021,2022-05-22,2411,Barclays Premier League,Chelsea,Watford,89.38,62.92,0.7554,0.0842,0.1604,2.41,0.67,,,,,,,,,,,8,57
2021,2022-05-22,2411,Barclays Premier League,Crystal Palace,Manchester United,70.91,78.39,0.3228,0.4175,0.2597,1.27,1.48,,,,,,,,,,,31,1
2021,2022-05-22,2411,Barclays Premier League,Manchester City,Aston Villa,93.17,72.41,0.7473,0.0929,0.1598,2.48,0.76,,,,,,,,,,,43,7
2021,2022-05-22,2411,Barclays Premier League,Burnley,Newcastle,64.81,60.33,0.4675,0.279,0.2536,1.6,1.18,,,,,,,,,,,90,4
